asthma,count,proportion
1.0,192,11.201866977829638
2.0,1431,83.48891481913653
,91,5.309218203033839
