chest_xray,count,proportion
1,201,11.726954492415402
2,974,56.82613768961493
3,539,31.44690781796966
