,variable,chi2,p,dof,reject
0,intubation_dummy,16.72867537723932,0.053138351770288965,9,False
1,death,7.626783183477341,0.5721499636191879,9,False
2,cardio_complication,9.732982952274789,0.372531161016763,9,False
