,variable,chi2,p,dof,reject
0,intubation_dummy,11.140684872537024,0.0841245044806314,6,False
1,death,3.579392471923353,0.7333786620990178,6,False
2,cardio_complication,4.2591412035661085,0.641652946163741,6,False
