ckd,count,proportion
1.0,131,7.64294049008168
2.0,1493,87.10618436406068
,90,5.250875145857643
