copd,count,proportion
1.0,124,7.234539089848307
2.0,1500,87.51458576429405
,90,5.250875145857643
