coronary_med_history_col,count,proportion,train_count,train_proportion,test_count,test_proportion
False,1298,75.72928821470245,1035,75.49234135667396,263,76.67638483965014
True,416,24.27071178529755,336,24.50765864332604,80,23.323615160349853
