coronary_med_history_col,count,proportion
False,1298,75.72928821470245
True,416,24.27071178529755
