death,count,proportion,train_count,train_proportion,test_count,test_proportion
0,1533,89.43990665110852,1223,89.20495988329687,310,90.37900874635568
1,181,10.560093348891481,148,10.795040116703136,33,9.620991253644315
