diabetes,count,proportion,train_count,train_proportion,test_count,test_proportion
1.0,389,22.695449241540256,300,21.88183807439825,89,25.94752186588921
2.0,1236,72.1120186697783,998,72.79358132749817,238,69.38775510204081
,89,5.192532088681447,73,5.324580598103574,16,4.664723032069971
