diabetes,count,proportion
1.0,389,22.695449241540256
2.0,1236,72.1120186697783
,89,5.192532088681447
