dialysis,count,proportion
1.0,18,1.0501750291715286
2.0,3,0.1750291715285881
3.0,1604,93.58226371061843
,89,5.192532088681447
