healthcare_worker,count,proportion
1.0,68,3.9673278879813303
2.0,1645,95.97432905484247
,1,0.05834305717619603
