healthcare_worker,count,proportion,train_count,train_proportion,test_count,test_proportion
1.0,68,3.9673278879813303,51,3.7199124726477026,17.0,4.956268221574344
2.0,1645,95.97432905484247,1319,96.20714806710431,326.0,95.04373177842565
,1,0.05834305717619603,1,0.07293946024799416,,
,1,0.05834305717619603,1,0.07293946024799416,,
,1,0.05834305717619603,1,0.07293946024799416,,
,1,0.05834305717619603,1,0.07293946024799416,,
