hypercholesterolemia,count,proportion,train_count,train_proportion,test_count,test_proportion
1.0,466,27.18786464410735,362,26.404084609773886,104,30.32069970845481
2.0,1159,67.6196032672112,936,68.27133479212254,223,65.01457725947522
,89,5.192532088681447,73,5.324580598103574,16,4.664723032069971
