hypertension,count,proportion
1.0,722,42.123687281213535
2.0,903,52.68378063010501
,89,5.192532088681447
