hypercholesterolemia,count,proportion
1.0,466,27.18786464410735
2.0,1159,67.6196032672112
,89,5.192532088681447
