intubation_dummy,count,proportion,train_count,train_proportion,test_count,test_proportion
0,1566,91.36522753792299,1251,91.2472647702407,315,91.83673469387756
1,148,8.634772462077013,120,8.752735229759299,28,8.16326530612245
