pacemaker,count,proportion
0,149,8.693115519253208
1,1565,91.30688448074679
