pacemaker,count,proportion,train_count,train_proportion,test_count,test_proportion
0,149,8.693115519253208,126,9.190371991247265,23,6.705539358600583
1,1565,91.30688448074679,1245,90.80962800875274,320,93.29446064139941
