sex,count,proportion,train_count,train_proportion,test_count,test_proportion
1,926,54.02567094515752,736,53.6834427425237,190,55.39358600583091
2,788,45.97432905484247,635,46.31655725747629,153,44.606413994169095
