sex,count,proportion
1,926,54.02567094515752
2,788,45.97432905484247
