smoker,count,proportion
1.0,134,7.8179696616102685
2.0,1490,86.93115519253209
,90,5.250875145857643
