troponin_uln,count,proportion
1.0,369,21.528588098016336
2.0,617,35.99766627771295
,728,42.47374562427071
