vaccinated,count,proportion
0,1366,79.69661610268378
1,348,20.30338389731622
