vaccinated,count,proportion,train_count,train_proportion,test_count,test_proportion
0,1366,79.69661610268378,1094,79.79576951130561,272,79.30029154518951
1,348,20.30338389731622,277,20.20423048869438,71,20.699708454810494
